setting,sensitivity_seed_index,sensitivity_seed,n,selected_gpi_mean,selected_gpi_sd,selected_gpi_ci95,selected_gpi_median,selected_gpi_q05,selected_gpi_q95,selected_synthetic_utility_mean,selected_synthetic_utility_sd,selected_synthetic_utility_ci95,selected_synthetic_utility_median,selected_synthetic_utility_q05,selected_synthetic_utility_q95,selected_traceability_mean,selected_traceability_sd,selected_traceability_ci95,selected_traceability_median,selected_traceability_q05,selected_traceability_q95,selected_controllability_mean,selected_controllability_sd,selected_controllability_ci95,selected_controllability_median,selected_controllability_q05,selected_controllability_q95,cognitive_load_mean,cognitive_load_sd,cognitive_load_ci95,cognitive_load_median,cognitive_load_q05,cognitive_load_q95,low_reliability_verified_claim_proportion_mean,low_reliability_verified_claim_proportion_sd,low_reliability_verified_claim_proportion_ci95,low_reliability_verified_claim_proportion_median,low_reliability_verified_claim_proportion_q05,low_reliability_verified_claim_proportion_q95,non_verified_linked_claim_ratio_mean,non_verified_linked_claim_ratio_sd,non_verified_linked_claim_ratio_ci95,non_verified_linked_claim_ratio_median,non_verified_linked_claim_ratio_q05,non_verified_linked_claim_ratio_q95,selected_risk_penalty_mean,selected_risk_penalty_sd,selected_risk_penalty_ci95,selected_risk_penalty_median,selected_risk_penalty_q05,selected_risk_penalty_q95
low_evidence,1,20262910,500,0.649413,0.033745,0.002958,0.647455,0.593441,0.706732,0.630080,0.063412,0.005558,0.633480,0.516756,0.727245,0.711036,0.092100,0.008073,0.707619,0.562000,0.866250,0.841566,0.021188,0.001857,0.836326,0.812087,0.873655,0.714834,0.093688,0.008212,0.712096,0.562652,0.860268,0.165770,0.089446,0.007840,0.156250,0.040000,0.307692,0.403485,0.114515,0.010038,0.406250,0.187500,0.580645,0.511216,0.144305,0.012649,0.491949,0.314261,0.781611
selected,1,20262910,500,0.641570,0.032802,0.002875,0.643278,0.582724,0.694919,0.629398,0.062558,0.005483,0.634539,0.516680,0.726965,0.685294,0.088616,0.007767,0.685556,0.548000,0.835385,0.840765,0.020373,0.001786,0.836151,0.810951,0.871669,0.723963,0.091559,0.008026,0.723008,0.570039,0.862805,0.104570,0.074258,0.006509,0.090909,0.000000,0.250000,0.456662,0.112130,0.009829,0.458333,0.250000,0.631579,0.520781,0.145544,0.012758,0.504646,0.320164,0.779505
high_evidence,1,20262910,500,0.633425,0.031102,0.002726,0.634010,0.582414,0.682580,0.630726,0.062280,0.005459,0.632569,0.521579,0.729808,0.662708,0.088900,0.007792,0.660833,0.521143,0.805833,0.840398,0.020553,0.001802,0.835732,0.812191,0.870280,0.733283,0.095655,0.008385,0.734942,0.574793,0.878501,0.098543,0.069265,0.006071,0.090909,0.000000,0.214286,0.526151,0.116256,0.010190,0.531250,0.333333,0.710526,0.534922,0.147025,0.012887,0.513695,0.338252,0.804272
low_critique_rate,1,20262910,500,0.635488,0.033575,0.002943,0.636413,0.577240,0.688374,0.628703,0.063584,0.005573,0.633480,0.515671,0.726965,0.686878,0.089618,0.007855,0.686364,0.548000,0.835385,0.840765,0.020373,0.001786,0.836151,0.810951,0.871669,0.706720,0.089553,0.007850,0.706719,0.558800,0.847208,0.103522,0.073520,0.006444,0.090909,0.000000,0.238095,0.455766,0.114100,0.010001,0.454545,0.250000,0.636364,0.526856,0.149110,0.013070,0.508517,0.327123,0.805251
high_critique_rate,1,20262910,500,0.644201,0.032464,0.002846,0.645444,0.588220,0.695189,0.629993,0.063321,0.005550,0.634791,0.516680,0.727866,0.684289,0.089288,0.007826,0.682105,0.540000,0.835385,0.840765,0.020373,0.001786,0.836151,0.810951,0.871669,0.731553,0.092628,0.008119,0.735190,0.578547,0.874987,0.102490,0.072344,0.006341,0.090909,0.000000,0.240000,0.458830,0.113502,0.009949,0.461538,0.250000,0.636364,0.517367,0.145536,0.012757,0.502173,0.319819,0.779505
strict_gate,1,20262910,500,0.648115,0.032890,0.002883,0.649347,0.590390,0.700162,0.629398,0.062558,0.005483,0.634539,0.516680,0.726965,0.685294,0.088616,0.007767,0.685556,0.548000,0.835385,0.873355,0.008830,0.000774,0.873300,0.859072,0.887508,0.723963,0.091559,0.008026,0.723008,0.570039,0.862805,0.104570,0.074258,0.006509,0.090909,0.000000,0.250000,0.456662,0.112130,0.009829,0.458333,0.250000,0.631579,0.520509,0.145503,0.012754,0.502954,0.320164,0.779505
low_evidence,2,20262947,500,0.648192,0.033599,0.002945,0.647170,0.595775,0.705986,0.628234,0.061884,0.005424,0.630938,0.518726,0.726699,0.708556,0.089284,0.007826,0.706667,0.556923,0.846667,0.841150,0.020841,0.001827,0.835508,0.812892,0.874410,0.716147,0.091900,0.008055,0.710727,0.566984,0.861504,0.161976,0.082274,0.007212,0.157895,0.043478,0.307692,0.407114,0.114131,0.010004,0.407407,0.214286,0.588235,0.521587,0.152697,0.013384,0.509221,0.308951,0.795741
selected,2,20262947,500,0.641972,0.034523,0.003026,0.642340,0.587087,0.698844,0.631205,0.061577,0.005397,0.632920,0.525535,0.727866,0.686278,0.091206,0.007995,0.686364,0.544667,0.842500,0.840863,0.020298,0.001779,0.836116,0.812182,0.870709,0.723394,0.092960,0.008148,0.723036,0.572201,0.869554,0.103156,0.068445,0.005999,0.095238,0.000000,0.227273,0.460136,0.117125,0.010266,0.465116,0.250000,0.650000,0.527104,0.151573,0.013286,0.506058,0.319609,0.795099
high_evidence,2,20262947,500,0.633049,0.033630,0.002948,0.634401,0.581178,0.688603,0.630592,0.063273,0.005546,0.633939,0.516680,0.726779,0.662195,0.083004,0.007276,0.663200,0.532727,0.791111,0.840893,0.020680,0.001813,0.837239,0.813015,0.873135,0.732215,0.094965,0.008324,0.732541,0.582349,0.877370,0.098854,0.068143,0.005973,0.090909,0.000000,0.217391,0.523715,0.109855,0.009629,0.529412,0.333333,0.700000,0.534285,0.151506,0.013280,0.512781,0.327849,0.809084
low_critique_rate,2,20262947,500,0.636064,0.035034,0.003071,0.636116,0.578166,0.696919,0.630300,0.062382,0.005468,0.632569,0.523854,0.727866,0.688251,0.090283,0.007914,0.689524,0.547097,0.846667,0.840863,0.020298,0.001779,0.836116,0.812182,0.870709,0.706290,0.091107,0.007986,0.705436,0.559043,0.851032,0.102820,0.068986,0.006047,0.095238,0.000000,0.230769,0.457848,0.117295,0.010281,0.458333,0.250000,0.642857,0.528276,0.150495,0.013191,0.506058,0.323849,0.799839
high_critique_rate,2,20262947,500,0.644715,0.034058,0.002985,0.646040,0.590251,0.700663,0.631564,0.062093,0.005443,0.634291,0.519580,0.727866,0.686106,0.090409,0.007925,0.686364,0.544667,0.842500,0.840863,0.020298,0.001779,0.836116,0.812182,0.870709,0.730845,0.094597,0.008292,0.732605,0.580352,0.880640,0.102596,0.069435,0.006086,0.095238,0.000000,0.230769,0.460697,0.116777,0.010236,0.465116,0.250000,0.642857,0.525949,0.150874,0.013225,0.504914,0.323463,0.794626
strict_gate,2,20262947,500,0.648530,0.034819,0.003052,0.649127,0.591215,0.705699,0.631205,0.061577,0.005397,0.632920,0.525535,0.727866,0.686278,0.091206,0.007995,0.686364,0.544667,0.842500,0.873453,0.008300,0.000728,0.873569,0.859034,0.886990,0.723394,0.092960,0.008148,0.723036,0.572201,0.869554,0.103156,0.068445,0.005999,0.095238,0.000000,0.227273,0.460136,0.117125,0.010266,0.465116,0.250000,0.650000,0.526704,0.151596,0.013288,0.506058,0.319609,0.795099
low_evidence,3,20262984,500,0.649889,0.033226,0.002912,0.648537,0.596530,0.705799,0.630233,0.062790,0.005504,0.633475,0.518771,0.726965,0.712785,0.092942,0.008147,0.714444,0.561667,0.864615,0.840400,0.020268,0.001777,0.836991,0.811631,0.870591,0.714967,0.092107,0.008074,0.716704,0.561585,0.855976,0.161449,0.083481,0.007317,0.156250,0.034483,0.300000,0.401188,0.115698,0.010141,0.400000,0.200000,0.586207,0.514384,0.151120,0.013246,0.489374,0.315841,0.799603
selected,3,20262984,500,0.642243,0.033164,0.002907,0.642303,0.589699,0.697104,0.629754,0.063355,0.005553,0.633489,0.518543,0.727880,0.689564,0.086728,0.007602,0.693103,0.539355,0.831111,0.840641,0.020989,0.001840,0.835927,0.810804,0.871517,0.724855,0.091851,0.008051,0.723233,0.580042,0.869029,0.103100,0.069614,0.006102,0.095238,0.000000,0.235294,0.462769,0.108801,0.009537,0.461538,0.277778,0.647059,0.515326,0.144755,0.012688,0.501022,0.315591,0.776839
high_evidence,3,20262984,500,0.633011,0.033028,0.002895,0.632567,0.580475,0.687734,0.630418,0.061795,0.005417,0.633475,0.526532,0.726965,0.663320,0.090660,0.007947,0.665333,0.520000,0.807059,0.840780,0.020740,0.001818,0.837709,0.811617,0.872136,0.731488,0.093949,0.008235,0.735532,0.575168,0.876194,0.101922,0.072469,0.006352,0.090909,0.000000,0.222222,0.524373,0.116543,0.010215,0.529412,0.312500,0.714286,0.527882,0.145264,0.012733,0.506844,0.336968,0.800247
low_critique_rate,3,20262984,500,0.636007,0.034031,0.002983,0.635832,0.581987,0.689262,0.628440,0.064127,0.005621,0.631056,0.517361,0.727866,0.691655,0.084803,0.007433,0.693103,0.545946,0.832000,0.840641,0.020989,0.001840,0.835927,0.810804,0.871517,0.707780,0.089770,0.007869,0.705549,0.568891,0.847661,0.104329,0.071007,0.006224,0.096774,0.000000,0.238095,0.461469,0.108939,0.009549,0.461538,0.272727,0.645161,0.521387,0.145656,0.012767,0.508033,0.319116,0.784839
high_critique_rate,3,20262984,500,0.644966,0.033013,0.002894,0.644557,0.590650,0.697430,0.629535,0.063792,0.005592,0.632770,0.517968,0.727880,0.690170,0.084163,0.007377,0.693000,0.545946,0.830625,0.840641,0.020989,0.001840,0.835927,0.810804,0.871517,0.732791,0.093198,0.008169,0.731485,0.587633,0.876049,0.102704,0.068222,0.005980,0.096774,0.000000,0.227273,0.463151,0.107523,0.009425,0.461538,0.277778,0.642857,0.517006,0.146999,0.012885,0.501244,0.315591,0.790589
strict_gate,3,20262984,500,0.648801,0.033392,0.002927,0.649143,0.593458,0.702811,0.629754,0.063355,0.005553,0.633489,0.518543,0.727880,0.689564,0.086728,0.007602,0.693103,0.539355,0.831111,0.873231,0.008770,0.000769,0.873499,0.859011,0.887326,0.724855,0.091851,0.008051,0.723233,0.580042,0.869029,0.103100,0.069614,0.006102,0.095238,0.000000,0.235294,0.462769,0.108801,0.009537,0.461538,0.277778,0.647059,0.514926,0.144775,0.012690,0.500628,0.315591,0.776839
low_evidence,4,20263021,500,0.648502,0.033604,0.002946,0.648417,0.596784,0.703274,0.628206,0.063485,0.005565,0.630015,0.516565,0.727880,0.713704,0.088570,0.007763,0.712500,0.570000,0.854737,0.840349,0.020634,0.001809,0.837422,0.811024,0.871188,0.714436,0.094089,0.008247,0.715047,0.559514,0.861803,0.157236,0.083230,0.007295,0.150000,0.038462,0.304348,0.405145,0.111732,0.009794,0.411765,0.222222,0.580645,0.516263,0.147109,0.012895,0.497701,0.314309,0.781559
selected,4,20263021,500,0.641435,0.033454,0.002932,0.641214,0.588850,0.696743,0.631306,0.062905,0.005514,0.634838,0.516680,0.726779,0.684352,0.092044,0.008068,0.688000,0.535833,0.827500,0.840281,0.020927,0.001834,0.836007,0.809997,0.871110,0.724702,0.091842,0.008050,0.724444,0.577334,0.866790,0.098907,0.068132,0.005972,0.090909,0.000000,0.222222,0.465639,0.123985,0.010868,0.466667,0.263158,0.666667,0.528929,0.144105,0.012631,0.514584,0.324094,0.788440
high_evidence,4,20263021,500,0.634136,0.033389,0.002927,0.634510,0.575140,0.686061,0.630423,0.062075,0.005441,0.632491,0.523854,0.727866,0.665122,0.086727,0.007602,0.661212,0.521176,0.810000,0.841092,0.020654,0.001810,0.838041,0.811920,0.872385,0.733451,0.091834,0.008050,0.734366,0.588242,0.874920,0.106009,0.075282,0.006599,0.095238,0.000000,0.238095,0.522357,0.111047,0.009734,0.523810,0.333333,0.708333,0.534435,0.151897,0.013314,0.512579,0.323967,0.815007
low_critique_rate,4,20263021,500,0.635202,0.034198,0.002998,0.633828,0.580744,0.689628,0.631143,0.062925,0.005516,0.635468,0.517007,0.727245,0.685510,0.092571,0.008114,0.688276,0.534857,0.832000,0.840281,0.020927,0.001834,0.836007,0.809997,0.871110,0.706802,0.090162,0.007903,0.705184,0.551047,0.849107,0.098588,0.068420,0.005997,0.090909,0.000000,0.222222,0.464621,0.126542,0.011092,0.466667,0.258065,0.666667,0.530665,0.144336,0.012652,0.516033,0.327061,0.795191
high_critique_rate,4,20263021,500,0.644036,0.033235,0.002913,0.644091,0.593097,0.698742,0.631926,0.062600,0.005487,0.634838,0.517776,0.727866,0.683910,0.091386,0.008010,0.686364,0.536000,0.824571,0.840281,0.020927,0.001834,0.836007,0.809997,0.871110,0.732079,0.093493,0.008195,0.734582,0.583104,0.876402,0.098661,0.068526,0.006007,0.090909,0.000000,0.225806,0.467349,0.124379,0.010902,0.470588,0.266667,0.666667,0.528527,0.145577,0.012760,0.512579,0.324971,0.789745
strict_gate,4,20263021,500,0.647983,0.033544,0.002940,0.646695,0.596721,0.702952,0.631306,0.062905,0.005514,0.634838,0.516680,0.726779,0.684352,0.092044,0.008068,0.688000,0.535833,0.827500,0.872871,0.008979,0.000787,0.873150,0.857703,0.887617,0.724702,0.091842,0.008050,0.724444,0.577334,0.866790,0.098907,0.068132,0.005972,0.090909,0.000000,0.222222,0.465639,0.123985,0.010868,0.466667,0.263158,0.666667,0.528625,0.144109,0.012632,0.514584,0.324094,0.788440
low_evidence,5,20263058,500,0.648266,0.033089,0.002900,0.647692,0.592984,0.702035,0.628170,0.063460,0.005563,0.630015,0.518726,0.726779,0.709325,0.087149,0.007639,0.711892,0.568889,0.846957,0.841377,0.020390,0.001787,0.839332,0.811220,0.871957,0.715890,0.091759,0.008043,0.712893,0.569453,0.857250,0.157544,0.087960,0.007710,0.150000,0.000000,0.315789,0.406793,0.112396,0.009852,0.400000,0.233333,0.588235,0.520602,0.148293,0.012998,0.502513,0.313084,0.787656
selected,5,20263058,500,0.641454,0.032568,0.002855,0.641040,0.586831,0.694810,0.629425,0.063272,0.005546,0.632770,0.516680,0.726965,0.687687,0.088420,0.007750,0.687826,0.540000,0.832000,0.841111,0.020080,0.001760,0.837747,0.811944,0.871345,0.724075,0.091746,0.008042,0.721952,0.573504,0.867456,0.103618,0.069335,0.006077,0.100000,0.000000,0.222222,0.461684,0.116394,0.010202,0.458333,0.266667,0.650000,0.525171,0.145432,0.012748,0.500097,0.323207,0.792063
high_evidence,5,20263058,500,0.632603,0.034156,0.002994,0.632681,0.577126,0.688885,0.628735,0.062318,0.005462,0.631492,0.518726,0.726779,0.662627,0.089555,0.007850,0.658182,0.521818,0.813913,0.840702,0.020813,0.001824,0.837315,0.812355,0.872549,0.732266,0.093651,0.008209,0.733660,0.578319,0.869310,0.101237,0.072802,0.006381,0.090909,0.000000,0.225806,0.522283,0.114500,0.010036,0.526316,0.312500,0.692308,0.527430,0.150816,0.013220,0.503742,0.326309,0.810957
low_critique_rate,5,20263058,500,0.635179,0.032982,0.002891,0.634924,0.579911,0.690871,0.628381,0.063682,0.005582,0.632569,0.515131,0.726699,0.689479,0.087498,0.007670,0.689231,0.542308,0.832000,0.841111,0.020080,0.001760,0.837747,0.811944,0.871345,0.706689,0.090448,0.007928,0.708273,0.566676,0.851048,0.103246,0.069218,0.006067,0.100000,0.000000,0.222222,0.460086,0.116437,0.010206,0.454545,0.263158,0.648649,0.531490,0.146729,0.012861,0.508097,0.326314,0.796419
high_critique_rate,5,20263058,500,0.644031,0.032244,0.002826,0.643944,0.589485,0.697740,0.629693,0.063217,0.005541,0.632920,0.517007,0.726965,0.687424,0.088375,0.007746,0.686667,0.540000,0.832000,0.841111,0.020080,0.001760,0.837747,0.811944,0.871345,0.731102,0.093425,0.008189,0.729802,0.581545,0.880405,0.103217,0.068695,0.006021,0.100000,0.000000,0.218750,0.461429,0.115250,0.010102,0.459459,0.266667,0.648649,0.524590,0.145521,0.012756,0.500915,0.322447,0.792063
strict_gate,5,20263058,500,0.648013,0.032641,0.002861,0.646612,0.593579,0.701981,0.629425,0.063272,0.005546,0.632770,0.516680,0.726965,0.687687,0.088420,0.007750,0.687826,0.540000,0.832000,0.873701,0.008743,0.000766,0.873742,0.859768,0.888397,0.724075,0.091746,0.008042,0.721952,0.573504,0.867456,0.103618,0.069335,0.006077,0.100000,0.000000,0.222222,0.461684,0.116394,0.010202,0.458333,0.266667,0.650000,0.524755,0.145384,0.012743,0.500097,0.323207,0.792063
low_evidence,6,20263095,500,0.648740,0.033612,0.002946,0.646640,0.595307,0.702767,0.629055,0.063732,0.005586,0.631056,0.515492,0.726779,0.708381,0.089763,0.007868,0.709286,0.561111,0.862000,0.840910,0.020789,0.001822,0.836830,0.811711,0.872610,0.715692,0.090845,0.007963,0.716274,0.566779,0.856727,0.164867,0.082562,0.007237,0.153846,0.043478,0.312500,0.402987,0.110848,0.009716,0.400000,0.214286,0.590909,0.518076,0.147013,0.012886,0.502406,0.313745,0.796097
selected,6,20263095,500,0.641994,0.033513,0.002938,0.640993,0.588864,0.698965,0.631327,0.063092,0.005530,0.634791,0.518543,0.729808,0.686672,0.090882,0.007966,0.689412,0.540000,0.837143,0.840788,0.020933,0.001835,0.836968,0.810720,0.872436,0.722620,0.093500,0.008196,0.720251,0.572084,0.871348,0.104152,0.069509,0.006093,0.096774,0.000000,0.230769,0.458354,0.114090,0.010000,0.461538,0.266667,0.645161,0.524647,0.148877,0.013050,0.505979,0.324262,0.797251
high_evidence,6,20263095,500,0.633669,0.031579,0.002768,0.633157,0.580175,0.686164,0.630702,0.063285,0.005547,0.634291,0.518726,0.727880,0.661217,0.085306,0.007477,0.662000,0.521818,0.799259,0.841325,0.020543,0.001801,0.836876,0.810918,0.871583,0.731689,0.092452,0.008104,0.731485,0.585435,0.875293,0.103291,0.067832,0.005946,0.095238,0.000000,0.230769,0.517752,0.108708,0.009529,0.517241,0.347826,0.692308,0.536872,0.152439,0.013362,0.514236,0.329309,0.816371
low_critique_rate,6,20263095,500,0.635937,0.034276,0.003004,0.634626,0.580369,0.696327,0.631239,0.063142,0.005535,0.634531,0.518726,0.729808,0.687328,0.090414,0.007925,0.689524,0.539459,0.837647,0.840788,0.020933,0.001835,0.836968,0.810720,0.872436,0.705416,0.090450,0.007928,0.703707,0.563860,0.850870,0.105694,0.070094,0.006144,0.096774,0.000000,0.238095,0.457822,0.113233,0.009925,0.461538,0.266667,0.636364,0.526336,0.148420,0.013010,0.508517,0.325534,0.797251
high_critique_rate,6,20263095,500,0.644977,0.033208,0.002911,0.643554,0.589862,0.702772,0.631242,0.062931,0.005516,0.634291,0.518543,0.729808,0.686901,0.090280,0.007913,0.689524,0.540000,0.835385,0.840788,0.020933,0.001835,0.836968,0.810720,0.872436,0.730797,0.094325,0.008268,0.730233,0.584000,0.881845,0.103965,0.069872,0.006125,0.095238,0.000000,0.238095,0.458077,0.113587,0.009956,0.461538,0.266667,0.645161,0.523244,0.148558,0.013022,0.504807,0.324262,0.790939
strict_gate,6,20263095,500,0.648542,0.033725,0.002956,0.647948,0.593050,0.706135,0.631327,0.063092,0.005530,0.634791,0.518543,0.729808,0.686672,0.090882,0.007966,0.689412,0.540000,0.837143,0.873378,0.009236,0.000810,0.872869,0.858593,0.887999,0.722620,0.093500,0.008196,0.720251,0.572084,0.871348,0.104152,0.069509,0.006093,0.096774,0.000000,0.230769,0.458354,0.114090,0.010000,0.461538,0.266667,0.645161,0.524343,0.148919,0.013053,0.504807,0.323967,0.797251
low_evidence,7,20263132,500,0.648707,0.034090,0.002988,0.649772,0.590190,0.702632,0.628343,0.064091,0.005618,0.632383,0.515131,0.726965,0.710497,0.095259,0.008350,0.718378,0.544286,0.851765,0.840807,0.020707,0.001815,0.836540,0.812328,0.870028,0.715048,0.092374,0.008097,0.712788,0.565092,0.857660,0.165245,0.085220,0.007470,0.160000,0.043478,0.315789,0.401718,0.117494,0.010299,0.400000,0.200000,0.600000,0.515572,0.143925,0.012616,0.498554,0.311736,0.781559
selected,7,20263132,500,0.640824,0.032599,0.002857,0.641891,0.585104,0.691423,0.629746,0.063229,0.005542,0.633939,0.516589,0.727880,0.685623,0.082172,0.007203,0.686000,0.547097,0.820000,0.840474,0.020482,0.001795,0.837800,0.812404,0.870922,0.723967,0.092770,0.008132,0.723804,0.572084,0.869977,0.099597,0.064771,0.005677,0.090909,0.000000,0.214286,0.465712,0.106348,0.009322,0.466667,0.277778,0.640000,0.519763,0.144797,0.012692,0.495237,0.322834,0.785779
high_evidence,7,20263132,500,0.633879,0.031654,0.002775,0.633452,0.584024,0.686676,0.630948,0.062226,0.005454,0.634791,0.526076,0.727866,0.661843,0.087196,0.007643,0.659167,0.524286,0.805000,0.840801,0.020782,0.001822,0.838908,0.810248,0.871965,0.731720,0.092022,0.008066,0.735240,0.580683,0.879247,0.105911,0.069607,0.006101,0.100000,0.000000,0.222222,0.516625,0.116875,0.010245,0.517241,0.315789,0.695652,0.531267,0.145040,0.012713,0.514376,0.336062,0.807876
low_critique_rate,7,20263132,500,0.634713,0.033160,0.002907,0.635689,0.577230,0.687290,0.628275,0.064238,0.005631,0.633475,0.514725,0.727880,0.688506,0.081521,0.007146,0.688485,0.548571,0.824000,0.840474,0.020482,0.001795,0.837800,0.812404,0.870922,0.706527,0.091310,0.008004,0.705795,0.558194,0.851957,0.100513,0.065122,0.005708,0.093750,0.000000,0.217391,0.462736,0.106423,0.009328,0.461538,0.277778,0.636364,0.521328,0.143703,0.012596,0.500601,0.325870,0.792347
high_critique_rate,7,20263132,500,0.643735,0.032508,0.002849,0.644868,0.586902,0.693626,0.629594,0.063657,0.005580,0.633489,0.516565,0.727880,0.685998,0.081603,0.007153,0.686364,0.548000,0.820000,0.840474,0.020482,0.001795,0.837800,0.812404,0.870922,0.731957,0.093800,0.008222,0.735680,0.579979,0.876971,0.100569,0.065048,0.005702,0.090909,0.000000,0.218750,0.465190,0.106051,0.009296,0.464286,0.277778,0.642857,0.515769,0.144365,0.012654,0.492755,0.320258,0.782714
strict_gate,7,20263132,500,0.647373,0.032713,0.002867,0.649379,0.590254,0.698937,0.629746,0.063229,0.005542,0.633939,0.516589,0.727880,0.685623,0.082172,0.007203,0.686000,0.547097,0.820000,0.873064,0.008837,0.000775,0.872740,0.858818,0.887902,0.723967,0.092770,0.008132,0.723804,0.572084,0.869977,0.099597,0.064771,0.005677,0.090909,0.000000,0.214286,0.465712,0.106348,0.009322,0.466667,0.277778,0.640000,0.519459,0.144795,0.012692,0.495136,0.322441,0.785779
low_evidence,8,20263169,500,0.648346,0.034691,0.003041,0.647111,0.594547,0.705950,0.630326,0.063478,0.005564,0.634447,0.516756,0.726965,0.707175,0.086225,0.007558,0.703636,0.571429,0.847143,0.840842,0.020391,0.001787,0.836187,0.813392,0.871644,0.715482,0.090354,0.007920,0.716421,0.570752,0.858401,0.160232,0.081692,0.007161,0.153846,0.041667,0.291667,0.408427,0.105336,0.009233,0.409091,0.230769,0.571429,0.516917,0.150452,0.013188,0.492242,0.308276,0.794746
selected,8,20263169,500,0.641354,0.032418,0.002842,0.640086,0.587834,0.690254,0.627626,0.065271,0.005721,0.630741,0.518543,0.726965,0.688818,0.089447,0.007840,0.686000,0.547778,0.829091,0.841327,0.020915,0.001833,0.836969,0.810411,0.871915,0.723791,0.092230,0.008084,0.722008,0.579456,0.868014,0.106863,0.071576,0.006274,0.100000,0.000000,0.230769,0.457344,0.118745,0.010408,0.454545,0.250000,0.666667,0.523349,0.149485,0.013103,0.499774,0.313661,0.799508
high_evidence,8,20263169,500,0.634288,0.033402,0.002928,0.633345,0.578699,0.688124,0.631321,0.061275,0.005371,0.635474,0.523564,0.726965,0.661778,0.085218,0.007470,0.656842,0.529286,0.805000,0.840203,0.020644,0.001809,0.835741,0.811338,0.871182,0.733006,0.092443,0.008103,0.732582,0.583104,0.877843,0.104320,0.071959,0.006308,0.100000,0.000000,0.235294,0.517931,0.114668,0.010051,0.523810,0.333333,0.700000,0.528062,0.144188,0.012639,0.505949,0.330040,0.795239
low_critique_rate,8,20263169,500,0.635342,0.033122,0.002903,0.634748,0.582040,0.687913,0.627160,0.065816,0.005769,0.629757,0.516680,0.726965,0.689679,0.090297,0.007915,0.686000,0.546667,0.832381,0.841327,0.020915,0.001833,0.836969,0.810411,0.871915,0.706491,0.090727,0.007953,0.703507,0.561323,0.849997,0.105672,0.070645,0.006192,0.100000,0.000000,0.227273,0.455267,0.119123,0.010442,0.451613,0.250000,0.666667,0.527636,0.150016,0.013149,0.505276,0.319474,0.804272
high_critique_rate,8,20263169,500,0.644175,0.032510,0.002850,0.644019,0.591235,0.695386,0.627979,0.064837,0.005683,0.629757,0.519135,0.726965,0.688447,0.089855,0.007876,0.683871,0.547778,0.832381,0.841327,0.020915,0.001833,0.836969,0.810411,0.871915,0.731362,0.093480,0.008194,0.731485,0.585408,0.875880,0.105168,0.070700,0.006197,0.100000,0.000000,0.227273,0.457231,0.118295,0.010369,0.454545,0.250000,0.666667,0.521924,0.149568,0.013110,0.499346,0.313207,0.799508
strict_gate,8,20263169,500,0.647907,0.032332,0.002834,0.647541,0.595284,0.698726,0.627626,0.065271,0.005721,0.630741,0.518543,0.726965,0.688818,0.089447,0.007840,0.686000,0.547778,0.829091,0.873917,0.009016,0.000790,0.874039,0.858053,0.888020,0.723791,0.092230,0.008084,0.722008,0.579456,0.868014,0.106863,0.071576,0.006274,0.100000,0.000000,0.230769,0.457344,0.118745,0.010408,0.454545,0.250000,0.666667,0.522997,0.149497,0.013104,0.499774,0.313661,0.799508
low_evidence,9,20263206,500,0.649095,0.031513,0.002762,0.651316,0.595831,0.699159,0.629339,0.063665,0.005581,0.631672,0.515840,0.727245,0.711799,0.090128,0.007900,0.712500,0.571667,0.857143,0.840618,0.020015,0.001754,0.836675,0.812289,0.871701,0.715848,0.090662,0.007947,0.712956,0.571944,0.856527,0.159595,0.081298,0.007126,0.157895,0.031250,0.294118,0.405758,0.111805,0.009800,0.409091,0.222222,0.592593,0.518791,0.148114,0.012983,0.503100,0.319786,0.787127
selected,9,20263206,500,0.642855,0.032218,0.002824,0.642261,0.591563,0.699795,0.630127,0.062695,0.005495,0.632383,0.521579,0.727866,0.693463,0.090794,0.007958,0.692727,0.540000,0.846667,0.840668,0.020920,0.001834,0.837314,0.811579,0.872644,0.721821,0.094164,0.008254,0.719109,0.571919,0.867305,0.106233,0.070091,0.006144,0.100000,0.000000,0.235294,0.455100,0.119676,0.010490,0.466667,0.250000,0.642857,0.522067,0.146660,0.012855,0.504100,0.320930,0.792063
high_evidence,9,20263206,500,0.633675,0.031982,0.002803,0.632815,0.582037,0.686991,0.628894,0.062792,0.005504,0.631492,0.519055,0.726699,0.668766,0.089480,0.007843,0.669167,0.518125,0.816000,0.840257,0.021043,0.001844,0.837968,0.809815,0.871009,0.730691,0.092280,0.008089,0.729728,0.578547,0.877008,0.101648,0.069569,0.006098,0.100000,0.000000,0.222222,0.516369,0.114295,0.010018,0.526316,0.312500,0.692308,0.532367,0.149882,0.013138,0.514665,0.327849,0.804796
low_critique_rate,9,20263206,500,0.636885,0.033021,0.002894,0.636486,0.585073,0.693853,0.629727,0.063254,0.005544,0.632770,0.518543,0.727866,0.693938,0.090831,0.007962,0.692727,0.543636,0.846667,0.840668,0.020920,0.001834,0.837314,0.811579,0.872644,0.705061,0.091963,0.008061,0.702651,0.550000,0.850155,0.107311,0.071134,0.006235,0.100000,0.000000,0.240000,0.453982,0.119664,0.010489,0.466667,0.250000,0.636364,0.525410,0.146867,0.012873,0.505257,0.327196,0.792063
high_critique_rate,9,20263206,500,0.645526,0.032098,0.002814,0.646110,0.593888,0.700742,0.629950,0.062102,0.005443,0.632383,0.520684,0.727866,0.693201,0.090732,0.007953,0.692727,0.540000,0.840000,0.840668,0.020920,0.001834,0.837314,0.811579,0.872644,0.729562,0.095230,0.008347,0.728757,0.574757,0.877409,0.106411,0.070193,0.006153,0.100000,0.000000,0.235294,0.454179,0.118291,0.010369,0.466667,0.250000,0.636364,0.525211,0.146741,0.012862,0.507979,0.326601,0.792063
strict_gate,9,20263206,500,0.649421,0.032243,0.002826,0.650251,0.598902,0.703115,0.630127,0.062695,0.005495,0.632383,0.521579,0.727866,0.693463,0.090794,0.007958,0.692727,0.540000,0.846667,0.873258,0.009120,0.000799,0.873316,0.858772,0.888060,0.721821,0.094164,0.008254,0.719109,0.571919,0.867305,0.106233,0.070091,0.006144,0.100000,0.000000,0.235294,0.455100,0.119676,0.010490,0.466667,0.250000,0.642857,0.521587,0.146635,0.012853,0.502023,0.320930,0.792063
low_evidence,10,20263243,500,0.649680,0.034502,0.003024,0.649907,0.590880,0.708367,0.630159,0.063628,0.005577,0.634791,0.519384,0.727880,0.711657,0.089815,0.007873,0.710000,0.564444,0.855000,0.841169,0.020653,0.001810,0.836276,0.811395,0.871085,0.715723,0.090700,0.007950,0.711380,0.569583,0.860122,0.167070,0.091380,0.008010,0.166667,0.038462,0.318182,0.404541,0.112723,0.009881,0.407407,0.214286,0.586207,0.513936,0.148795,0.013042,0.490634,0.313632,0.787127
selected,10,20263243,500,0.641183,0.034573,0.003030,0.641136,0.582614,0.696045,0.629690,0.062546,0.005482,0.633480,0.518017,0.726779,0.687013,0.092753,0.008130,0.686667,0.536970,0.830435,0.840942,0.020858,0.001828,0.838227,0.810108,0.871575,0.724168,0.093812,0.008223,0.720608,0.567525,0.871875,0.105009,0.072980,0.006397,0.096774,0.000000,0.230769,0.464527,0.118465,0.010384,0.466667,0.260870,0.642857,0.523782,0.147238,0.012906,0.500903,0.321198,0.793582
high_evidence,10,20263243,500,0.634146,0.032988,0.002891,0.634594,0.580841,0.686032,0.630692,0.061748,0.005412,0.632770,0.518543,0.727866,0.662256,0.091005,0.007977,0.659167,0.518065,0.807368,0.840757,0.020634,0.001809,0.835925,0.811448,0.872600,0.732753,0.092379,0.008097,0.733315,0.586566,0.876568,0.102720,0.071672,0.006282,0.095238,0.000000,0.230769,0.518078,0.118616,0.010397,0.526316,0.320000,0.708333,0.528615,0.144822,0.012694,0.514187,0.329661,0.792987
low_critique_rate,10,20263243,500,0.634925,0.035337,0.003097,0.634232,0.574225,0.690053,0.629134,0.062582,0.005486,0.632920,0.518017,0.726965,0.687887,0.091064,0.007982,0.689412,0.545946,0.829412,0.840942,0.020858,0.001828,0.838227,0.810108,0.871575,0.706497,0.091525,0.008023,0.704745,0.558184,0.848092,0.104167,0.072775,0.006379,0.096774,0.000000,0.228571,0.463136,0.118504,0.010387,0.466667,0.250000,0.642857,0.522617,0.145739,0.012775,0.502469,0.322234,0.793141
high_critique_rate,10,20263243,500,0.643843,0.034629,0.003035,0.643131,0.585725,0.699104,0.630030,0.062211,0.005453,0.633939,0.519135,0.726779,0.686244,0.091345,0.008007,0.685556,0.536970,0.829412,0.840942,0.020858,0.001828,0.838227,0.810108,0.871575,0.731692,0.095005,0.008328,0.734489,0.574552,0.883399,0.105050,0.072096,0.006319,0.100000,0.000000,0.227273,0.465552,0.118192,0.010360,0.466667,0.266667,0.647059,0.520891,0.146583,0.012849,0.500900,0.316666,0.790939
strict_gate,10,20263243,500,0.647750,0.034670,0.003039,0.647980,0.587895,0.703133,0.629690,0.062546,0.005482,0.633480,0.518017,0.726779,0.687013,0.092753,0.008130,0.686667,0.536970,0.830435,0.873532,0.009302,0.000815,0.873037,0.858020,0.888801,0.724168,0.093812,0.008223,0.720608,0.567525,0.871875,0.105009,0.072980,0.006397,0.096774,0.000000,0.230769,0.464527,0.118465,0.010384,0.466667,0.260870,0.642857,0.523286,0.147176,0.012901,0.500903,0.321198,0.793582
low_evidence,11,20263280,500,0.649234,0.033775,0.002961,0.649033,0.592864,0.703156,0.630978,0.061392,0.005381,0.631203,0.526532,0.727866,0.709888,0.088537,0.007761,0.712903,0.562000,0.860714,0.840977,0.020630,0.001808,0.837767,0.811417,0.871132,0.715515,0.090733,0.007953,0.719566,0.567525,0.854066,0.155448,0.080801,0.007082,0.153846,0.043478,0.285714,0.408208,0.111862,0.009805,0.409091,0.214286,0.586207,0.514836,0.151087,0.013243,0.495257,0.309437,0.783708
selected,11,20263280,500,0.642035,0.032481,0.002847,0.642616,0.589253,0.695048,0.629354,0.063520,0.005568,0.632758,0.517361,0.727880,0.689989,0.089882,0.007878,0.692727,0.532353,0.832381,0.841292,0.020904,0.001832,0.837885,0.811329,0.873882,0.723646,0.092158,0.008078,0.721265,0.574793,0.866460,0.102693,0.072055,0.006316,0.095238,0.000000,0.250000,0.458655,0.114285,0.010018,0.461538,0.258065,0.642857,0.526129,0.144418,0.012659,0.511604,0.317178,0.791541
high_evidence,11,20263280,500,0.634658,0.032582,0.002856,0.635249,0.578109,0.686538,0.631928,0.062828,0.005507,0.635527,0.516565,0.727866,0.663626,0.083769,0.007343,0.663871,0.521176,0.804444,0.840612,0.019878,0.001742,0.837607,0.812137,0.870053,0.732300,0.093292,0.008177,0.732534,0.586231,0.878660,0.101516,0.071410,0.006259,0.090909,0.000000,0.230769,0.518671,0.114194,0.010010,0.523810,0.333333,0.700000,0.527521,0.143981,0.012620,0.513474,0.333231,0.787179
low_critique_rate,11,20263280,500,0.635716,0.033172,0.002908,0.636155,0.581642,0.690697,0.629044,0.063407,0.005558,0.633480,0.518543,0.727866,0.690664,0.089375,0.007834,0.692727,0.538462,0.832381,0.841292,0.020904,0.001832,0.837885,0.811329,0.873882,0.705606,0.089464,0.007842,0.700996,0.569712,0.844631,0.103140,0.073226,0.006419,0.095238,0.000000,0.250000,0.457949,0.113744,0.009970,0.458333,0.258065,0.642857,0.526549,0.143939,0.012617,0.509690,0.319873,0.784991
high_critique_rate,11,20263280,500,0.644638,0.032193,0.002822,0.645764,0.591896,0.698013,0.630467,0.062612,0.005488,0.633475,0.522187,0.727880,0.688156,0.089936,0.007883,0.691613,0.532353,0.832381,0.841292,0.020904,0.001832,0.837885,0.811329,0.873882,0.730857,0.093105,0.008161,0.728963,0.581230,0.875424,0.102594,0.072277,0.006335,0.095238,0.000000,0.250000,0.460379,0.114105,0.010002,0.461538,0.266667,0.642857,0.522706,0.143716,0.012597,0.507257,0.317178,0.784991
strict_gate,11,20263280,500,0.648593,0.032685,0.002865,0.649870,0.593826,0.701048,0.629474,0.063278,0.005547,0.632758,0.518543,0.727880,0.689846,0.089955,0.007885,0.692727,0.532353,0.832381,0.873882,0.009521,0.000835,0.873952,0.857849,0.889294,0.723637,0.092149,0.008077,0.721265,0.574793,0.866460,0.102588,0.072111,0.006321,0.095238,0.000000,0.250000,0.458871,0.114552,0.010041,0.461538,0.258065,0.642857,0.525502,0.143938,0.012617,0.510309,0.317178,0.785402
low_evidence,12,20263317,500,0.648670,0.032767,0.002872,0.648449,0.594832,0.703877,0.630455,0.062394,0.005469,0.632383,0.516756,0.729808,0.708185,0.088282,0.007738,0.704286,0.573636,0.862000,0.840945,0.020708,0.001815,0.836883,0.812363,0.871790,0.714620,0.093964,0.008236,0.720155,0.554400,0.859654,0.157720,0.084393,0.007397,0.153846,0.032258,0.304348,0.404984,0.111860,0.009805,0.407407,0.200000,0.580645,0.515058,0.144512,0.012667,0.493158,0.315825,0.782469
selected,12,20263317,500,0.641192,0.033059,0.002898,0.642157,0.581870,0.694258,0.630681,0.063049,0.005526,0.634291,0.518726,0.727245,0.684577,0.087269,0.007649,0.681538,0.541714,0.834737,0.840822,0.020900,0.001832,0.836590,0.811213,0.872007,0.724008,0.092680,0.008124,0.726159,0.570152,0.865326,0.101604,0.073154,0.006412,0.093750,0.000000,0.230769,0.462888,0.112857,0.009892,0.466667,0.263158,0.636364,0.526588,0.151037,0.013239,0.502242,0.324781,0.802897
high_evidence,12,20263317,500,0.634616,0.032257,0.002827,0.636880,0.579195,0.686206,0.629759,0.063396,0.005557,0.632770,0.516680,0.727880,0.668127,0.088470,0.007755,0.662000,0.521818,0.805000,0.840350,0.020123,0.001764,0.836576,0.810984,0.871197,0.730744,0.092077,0.008071,0.732829,0.582610,0.874674,0.107284,0.076616,0.006716,0.100000,0.000000,0.250000,0.511566,0.115244,0.010102,0.513514,0.307692,0.700000,0.531033,0.147206,0.012903,0.513242,0.331964,0.800646
low_critique_rate,12,20263317,500,0.635077,0.033908,0.002972,0.635989,0.574336,0.690254,0.630269,0.062135,0.005446,0.633480,0.520684,0.726779,0.685236,0.090056,0.007894,0.683500,0.540000,0.834737,0.840822,0.020900,0.001832,0.836590,0.811213,0.872007,0.706646,0.089988,0.007888,0.709315,0.559962,0.847274,0.101181,0.073723,0.006462,0.090909,0.000000,0.230769,0.461849,0.114848,0.010067,0.461538,0.263158,0.636364,0.529792,0.151446,0.013275,0.504472,0.324781,0.807848
high_critique_rate,12,20263317,500,0.644251,0.032960,0.002889,0.645396,0.585783,0.697007,0.631202,0.062617,0.005489,0.634291,0.519580,0.727245,0.683530,0.087130,0.007637,0.679259,0.540000,0.830435,0.840822,0.020900,0.001832,0.836590,0.811213,0.872007,0.732675,0.093024,0.008154,0.737423,0.582756,0.873144,0.101845,0.074478,0.006528,0.095238,0.000000,0.230769,0.464172,0.112352,0.009848,0.466667,0.266667,0.636364,0.522413,0.149503,0.013104,0.498517,0.324781,0.801811
strict_gate,12,20263317,500,0.647752,0.033267,0.002916,0.649313,0.587902,0.701154,0.630681,0.063049,0.005526,0.634291,0.518726,0.727245,0.684577,0.087269,0.007649,0.681538,0.541714,0.834737,0.873412,0.009010,0.000790,0.873751,0.858794,0.888110,0.724008,0.092680,0.008124,0.726159,0.570152,0.865326,0.101604,0.073154,0.006412,0.093750,0.000000,0.230769,0.462888,0.112857,0.009892,0.466667,0.263158,0.636364,0.526172,0.151029,0.013238,0.502242,0.324781,0.801811
low_evidence,13,20263354,500,0.650057,0.033809,0.002963,0.649909,0.597308,0.705044,0.630323,0.063270,0.005546,0.633489,0.515840,0.727866,0.711107,0.089519,0.007847,0.711765,0.565333,0.862000,0.840531,0.021145,0.001853,0.835935,0.810552,0.873319,0.715646,0.090259,0.007912,0.711548,0.570874,0.857398,0.163231,0.087596,0.007678,0.153846,0.000000,0.312500,0.400487,0.108039,0.009470,0.400000,0.217391,0.575758,0.510912,0.147627,0.012940,0.492843,0.311624,0.785141
selected,13,20263354,500,0.642834,0.033158,0.002906,0.642498,0.585734,0.694639,0.631400,0.061001,0.005347,0.634291,0.523854,0.726699,0.688397,0.085904,0.007530,0.686364,0.549333,0.832000,0.841121,0.020507,0.001798,0.836354,0.811816,0.872159,0.724647,0.092433,0.008102,0.720614,0.577582,0.868805,0.102969,0.069364,0.006080,0.093750,0.000000,0.227273,0.459821,0.112787,0.009886,0.461538,0.260870,0.642857,0.528041,0.147375,0.012918,0.504069,0.324706,0.801837
high_evidence,13,20263354,500,0.634142,0.031879,0.002794,0.634370,0.580839,0.686786,0.631156,0.062134,0.005446,0.633480,0.520684,0.727866,0.665027,0.086424,0.007575,0.665000,0.522308,0.805455,0.840779,0.020965,0.001838,0.835798,0.810315,0.871821,0.731177,0.093396,0.008187,0.728942,0.580689,0.880225,0.104942,0.067322,0.005901,0.095238,0.000000,0.230769,0.517719,0.113870,0.009981,0.523810,0.312500,0.689655,0.535716,0.148719,0.013036,0.514069,0.329893,0.813945
low_critique_rate,13,20263354,500,0.636780,0.033720,0.002956,0.636731,0.578627,0.689324,0.630989,0.061864,0.005423,0.634026,0.523564,0.726779,0.688633,0.085564,0.007500,0.686471,0.549333,0.834737,0.841121,0.020507,0.001798,0.836354,0.811816,0.872159,0.707749,0.090674,0.007948,0.704553,0.563038,0.847341,0.101911,0.068783,0.006029,0.093750,0.000000,0.227273,0.458872,0.114104,0.010002,0.461538,0.260870,0.647059,0.529916,0.145274,0.012734,0.507398,0.328258,0.795179
high_critique_rate,13,20263354,500,0.645448,0.032969,0.002890,0.645337,0.590798,0.698334,0.631851,0.062600,0.005487,0.634838,0.521579,0.727880,0.687664,0.084594,0.007415,0.686000,0.549333,0.830435,0.841121,0.020507,0.001798,0.836354,0.811816,0.872159,0.732028,0.093277,0.008176,0.732344,0.580389,0.878955,0.103552,0.070134,0.006148,0.093750,0.000000,0.227273,0.460660,0.111191,0.009746,0.461538,0.263158,0.642857,0.525040,0.147724,0.012949,0.501879,0.321198,0.797346
strict_gate,13,20263354,500,0.649384,0.033184,0.002909,0.649844,0.591293,0.700513,0.631400,0.061001,0.005347,0.634291,0.523854,0.726699,0.688397,0.085904,0.007530,0.686364,0.549333,0.832000,0.873711,0.008935,0.000783,0.874014,0.858412,0.888051,0.724647,0.092433,0.008102,0.720614,0.577582,0.868805,0.102969,0.069364,0.006080,0.093750,0.000000,0.227273,0.459821,0.112787,0.009886,0.461538,0.260870,0.642857,0.527721,0.147358,0.012916,0.504069,0.324706,0.801837
low_evidence,14,20263391,500,0.648498,0.033264,0.002916,0.649119,0.591358,0.703182,0.628260,0.066539,0.005832,0.633475,0.509612,0.727245,0.708716,0.094323,0.008268,0.707619,0.559259,0.867778,0.840982,0.020909,0.001833,0.837469,0.813570,0.873283,0.716277,0.091806,0.008047,0.715239,0.566391,0.859087,0.163001,0.091053,0.007981,0.153846,0.000000,0.321429,0.405933,0.117912,0.010335,0.406250,0.200000,0.593750,0.510964,0.148193,0.012990,0.488243,0.313597,0.790250
selected,14,20263391,500,0.641267,0.032803,0.002875,0.642210,0.584821,0.693336,0.630285,0.062458,0.005475,0.632383,0.523854,0.726699,0.683784,0.091122,0.007987,0.680000,0.540000,0.833333,0.840276,0.021058,0.001846,0.836589,0.810107,0.871321,0.724127,0.091367,0.008009,0.721867,0.579904,0.865173,0.102549,0.068093,0.005969,0.090909,0.000000,0.222222,0.460848,0.114976,0.010078,0.466667,0.266667,0.640000,0.528082,0.150901,0.013227,0.502273,0.321190,0.804448
high_evidence,14,20263391,500,0.631989,0.032264,0.002828,0.631352,0.580434,0.686376,0.629149,0.063370,0.005555,0.631672,0.518543,0.727866,0.659091,0.083561,0.007324,0.658095,0.528571,0.794737,0.840933,0.020855,0.001828,0.837331,0.811144,0.871416,0.732826,0.092414,0.008100,0.732348,0.579456,0.880382,0.100598,0.064982,0.005696,0.095238,0.000000,0.214286,0.525041,0.109848,0.009629,0.529412,0.352941,0.696970,0.540746,0.151471,0.013277,0.520266,0.332827,0.815629
low_critique_rate,14,20263391,500,0.635042,0.033458,0.002933,0.635644,0.577304,0.689514,0.629567,0.063285,0.005547,0.631672,0.518771,0.726699,0.684444,0.090779,0.007957,0.680000,0.545000,0.835000,0.840276,0.021058,0.001846,0.836589,0.810107,0.871321,0.706937,0.089563,0.007851,0.706695,0.567173,0.847593,0.101867,0.069056,0.006053,0.090909,0.000000,0.222222,0.459513,0.115524,0.010126,0.466667,0.266667,0.640000,0.533069,0.151482,0.013278,0.506040,0.324248,0.809837
high_critique_rate,14,20263391,500,0.644006,0.032620,0.002859,0.644753,0.589194,0.697544,0.630503,0.062267,0.005458,0.632758,0.523854,0.726699,0.683225,0.090773,0.007957,0.678750,0.544286,0.835000,0.840276,0.021058,0.001846,0.836589,0.810107,0.871321,0.732107,0.092711,0.008126,0.732525,0.585845,0.876926,0.101264,0.068011,0.005961,0.090909,0.000000,0.222222,0.461461,0.114384,0.010026,0.468750,0.266667,0.640000,0.527758,0.150515,0.013193,0.499392,0.320661,0.802897
strict_gate,14,20263391,500,0.647819,0.032977,0.002891,0.648293,0.591624,0.700352,0.630285,0.062458,0.005475,0.632383,0.523854,0.726699,0.683784,0.091122,0.007987,0.680000,0.540000,0.833333,0.872866,0.009066,0.000795,0.872796,0.857716,0.887405,0.724127,0.091367,0.008009,0.721867,0.579904,0.865173,0.102549,0.068093,0.005969,0.090909,0.000000,0.222222,0.460848,0.114976,0.010078,0.466667,0.266667,0.640000,0.527746,0.150869,0.013224,0.502273,0.321190,0.804448
low_evidence,15,20263428,500,0.649212,0.033186,0.002909,0.649200,0.590766,0.704620,0.629687,0.062437,0.005473,0.630437,0.518726,0.727245,0.710712,0.088694,0.007774,0.714400,0.571613,0.853333,0.841124,0.020649,0.001810,0.837419,0.810998,0.871970,0.715407,0.091397,0.008011,0.713588,0.564784,0.863060,0.157623,0.081706,0.007162,0.150000,0.000000,0.300000,0.403907,0.112528,0.009863,0.400000,0.200000,0.588235,0.520113,0.145513,0.012755,0.504781,0.314263,0.773562
selected,15,20263428,500,0.641163,0.032892,0.002883,0.639438,0.589122,0.695161,0.630793,0.062058,0.005440,0.630741,0.520684,0.727245,0.685228,0.084859,0.007438,0.682857,0.548000,0.827500,0.840775,0.020516,0.001798,0.836873,0.811566,0.872977,0.723911,0.092807,0.008135,0.724382,0.569712,0.864110,0.098554,0.075158,0.006588,0.086957,0.000000,0.230769,0.465841,0.114466,0.010033,0.466667,0.266667,0.645161,0.528748,0.146199,0.012815,0.515202,0.325393,0.792063
high_evidence,15,20263428,500,0.632308,0.033804,0.002963,0.630101,0.579490,0.688606,0.629403,0.062809,0.005505,0.632959,0.517361,0.727245,0.659499,0.090003,0.007889,0.656842,0.521622,0.814737,0.841025,0.020363,0.001785,0.836923,0.812341,0.872165,0.732846,0.092123,0.008075,0.732582,0.588861,0.879637,0.095933,0.068705,0.006022,0.088235,0.000000,0.214286,0.524211,0.114861,0.010068,0.531250,0.318182,0.687500,0.539418,0.148674,0.013032,0.527974,0.330005,0.805704
low_critique_rate,15,20263428,500,0.634869,0.033664,0.002951,0.632938,0.583674,0.692020,0.630815,0.062393,0.005469,0.632770,0.517361,0.727245,0.685021,0.084105,0.007372,0.680833,0.548000,0.827273,0.840775,0.020516,0.001798,0.836873,0.811566,0.872977,0.706280,0.091524,0.008022,0.705907,0.558194,0.845973,0.098850,0.074758,0.006553,0.086957,0.000000,0.230769,0.465753,0.114080,0.010000,0.466667,0.266667,0.645161,0.529838,0.146686,0.012858,0.511075,0.326314,0.796097
high_critique_rate,15,20263428,500,0.644091,0.032695,0.002866,0.643209,0.592137,0.698516,0.631399,0.061845,0.005421,0.632920,0.521579,0.727245,0.684475,0.085856,0.007526,0.680000,0.546957,0.827500,0.840775,0.020516,0.001798,0.836873,0.811566,0.872977,0.731756,0.093869,0.008228,0.730752,0.572774,0.874871,0.098474,0.075390,0.006608,0.086957,0.000000,0.230769,0.466080,0.115020,0.010082,0.468750,0.250000,0.645161,0.525217,0.146017,0.012799,0.506448,0.324706,0.788011
strict_gate,15,20263428,500,0.647715,0.032912,0.002885,0.647070,0.594682,0.701449,0.630793,0.062058,0.005440,0.630741,0.520684,0.727245,0.685228,0.084859,0.007438,0.682857,0.548000,0.827500,0.873365,0.009334,0.000818,0.873122,0.857782,0.889023,0.723911,0.092807,0.008135,0.724382,0.569712,0.864110,0.098554,0.075158,0.006588,0.086957,0.000000,0.230769,0.465841,0.114466,0.010033,0.466667,0.266667,0.645161,0.528412,0.146234,0.012818,0.514665,0.325393,0.792063
low_evidence,16,20263465,500,0.649279,0.032219,0.002824,0.647697,0.598758,0.707209,0.628140,0.063815,0.005594,0.632770,0.516680,0.727245,0.713990,0.092421,0.008101,0.714444,0.561429,0.874118,0.841320,0.020874,0.001830,0.837145,0.811543,0.872047,0.715438,0.092872,0.008141,0.719823,0.566063,0.858449,0.162067,0.083003,0.007276,0.150000,0.045455,0.300000,0.402775,0.117475,0.010297,0.400000,0.208333,0.590909,0.517958,0.144222,0.012642,0.495053,0.315563,0.775844
selected,16,20263465,500,0.642472,0.032969,0.002890,0.642360,0.587315,0.695910,0.629722,0.064032,0.005613,0.633939,0.514725,0.729808,0.691378,0.093541,0.008199,0.696154,0.535294,0.840000,0.841128,0.020667,0.001812,0.836681,0.811571,0.872990,0.722943,0.094823,0.008312,0.725276,0.565848,0.868070,0.106045,0.066182,0.005801,0.095238,0.000000,0.222222,0.455923,0.120629,0.010574,0.458333,0.263158,0.648649,0.527298,0.146066,0.012803,0.504922,0.319913,0.787215
high_evidence,16,20263465,500,0.633429,0.032694,0.002866,0.632261,0.576776,0.687641,0.631284,0.062680,0.005494,0.633939,0.516680,0.727866,0.660876,0.083282,0.007300,0.663750,0.519310,0.804444,0.840632,0.020321,0.001781,0.836428,0.812283,0.871166,0.733229,0.091849,0.008051,0.731260,0.592802,0.881531,0.103255,0.070019,0.006137,0.093750,0.000000,0.230769,0.525883,0.107980,0.009465,0.523810,0.346154,0.703704,0.528004,0.144944,0.012705,0.508307,0.332827,0.795191
low_critique_rate,16,20263465,500,0.636212,0.033511,0.002937,0.636385,0.580724,0.689556,0.629877,0.063898,0.005601,0.634291,0.515492,0.729808,0.690817,0.092564,0.008114,0.693333,0.535294,0.840000,0.841128,0.020667,0.001812,0.836681,0.811571,0.872990,0.705534,0.092775,0.008132,0.704673,0.560384,0.850843,0.105900,0.066202,0.005803,0.095238,0.000000,0.222222,0.456316,0.119715,0.010494,0.458333,0.263158,0.647059,0.529375,0.146121,0.012808,0.511472,0.321151,0.787505
high_critique_rate,16,20263465,500,0.645365,0.032650,0.002862,0.645799,0.592182,0.698134,0.629972,0.063809,0.005593,0.633939,0.515840,0.729808,0.691013,0.092895,0.008143,0.696667,0.535294,0.835385,0.841128,0.020667,0.001812,0.836681,0.811571,0.872990,0.731352,0.096410,0.008451,0.734656,0.574552,0.880422,0.104905,0.066239,0.005806,0.095238,0.000000,0.222222,0.457149,0.119391,0.010465,0.464286,0.263158,0.645161,0.524735,0.146313,0.012825,0.504914,0.318593,0.784991
strict_gate,16,20263465,500,0.649024,0.033065,0.002898,0.649310,0.595010,0.701381,0.629722,0.064032,0.005613,0.633939,0.514725,0.729808,0.691378,0.093541,0.008199,0.696154,0.535294,0.840000,0.873718,0.008995,0.000788,0.873425,0.858373,0.888416,0.722943,0.094823,0.008312,0.725276,0.565848,0.868070,0.106045,0.066182,0.005801,0.095238,0.000000,0.222222,0.455923,0.120629,0.010574,0.458333,0.263158,0.648649,0.526962,0.146005,0.012798,0.504914,0.319913,0.787215
low_evidence,17,20263502,500,0.649566,0.032014,0.002806,0.648630,0.598956,0.707173,0.630888,0.062083,0.005442,0.633480,0.523854,0.729808,0.711751,0.088447,0.007753,0.714667,0.567273,0.853333,0.840338,0.020197,0.001770,0.836700,0.811850,0.870869,0.715328,0.092354,0.008095,0.718467,0.564800,0.862720,0.153770,0.080450,0.007052,0.150000,0.000000,0.285714,0.405462,0.112660,0.009875,0.400000,0.222222,0.580645,0.514858,0.148056,0.012978,0.488903,0.315563,0.790939
selected,17,20263502,500,0.642225,0.032423,0.002842,0.643549,0.586948,0.693886,0.628239,0.063918,0.005603,0.630015,0.518543,0.727866,0.692294,0.085216,0.007470,0.693000,0.548000,0.827500,0.840657,0.020125,0.001764,0.837065,0.812459,0.870121,0.723454,0.092230,0.008084,0.724641,0.574552,0.870989,0.104976,0.070685,0.006196,0.096774,0.000000,0.230769,0.454781,0.110665,0.009700,0.450000,0.285714,0.636364,0.524857,0.146734,0.012862,0.507949,0.319600,0.803640
high_evidence,17,20263502,500,0.635343,0.032101,0.002814,0.634593,0.582700,0.687955,0.630097,0.062953,0.005518,0.632758,0.521579,0.727245,0.672107,0.082959,0.007272,0.673333,0.543000,0.816923,0.840999,0.020695,0.001814,0.836894,0.810846,0.872149,0.730769,0.094693,0.008300,0.730465,0.583323,0.882624,0.103990,0.069510,0.006093,0.100000,0.000000,0.225806,0.513011,0.112506,0.009862,0.500000,0.312500,0.700000,0.527923,0.146061,0.012803,0.505876,0.328180,0.802130
low_critique_rate,17,20263502,500,0.636071,0.033094,0.002901,0.636801,0.578824,0.689108,0.627540,0.064556,0.005659,0.629757,0.518543,0.727866,0.693554,0.085380,0.007484,0.693000,0.548800,0.835385,0.840657,0.020125,0.001764,0.837065,0.812459,0.870121,0.705912,0.090882,0.007966,0.703789,0.553015,0.851449,0.103279,0.071011,0.006224,0.095238,0.000000,0.230769,0.452911,0.110303,0.009669,0.448276,0.285714,0.631579,0.526931,0.148440,0.013011,0.508755,0.319600,0.804272
high_critique_rate,17,20263502,500,0.644878,0.032274,0.002829,0.646373,0.590155,0.695767,0.628341,0.063247,0.005544,0.631056,0.518771,0.726779,0.692586,0.083819,0.007347,0.693000,0.548649,0.828800,0.840657,0.020125,0.001764,0.837065,0.812459,0.870121,0.730958,0.093419,0.008189,0.729288,0.579040,0.879872,0.105047,0.070779,0.006204,0.096774,0.000000,0.230769,0.455331,0.109446,0.009593,0.450000,0.285714,0.631579,0.524530,0.148289,0.012998,0.507835,0.319600,0.802401
strict_gate,17,20263502,500,0.648780,0.032452,0.002845,0.650385,0.590992,0.700297,0.628239,0.063918,0.005603,0.630015,0.518543,0.727866,0.692294,0.085216,0.007470,0.693000,0.548000,0.827500,0.873247,0.008555,0.000750,0.872864,0.859454,0.886990,0.723454,0.092230,0.008084,0.724641,0.574552,0.870989,0.104976,0.070685,0.006196,0.096774,0.000000,0.230769,0.454781,0.110665,0.009700,0.450000,0.285714,0.636364,0.524489,0.146776,0.012865,0.507949,0.319600,0.803640
low_evidence,18,20263539,500,0.648004,0.033145,0.002905,0.647464,0.594274,0.706401,0.629768,0.063067,0.005528,0.632677,0.516680,0.727866,0.706878,0.091604,0.008029,0.708800,0.551579,0.850000,0.840507,0.020229,0.001773,0.838005,0.810954,0.870136,0.716208,0.090634,0.007944,0.714638,0.566676,0.858389,0.158751,0.080462,0.007053,0.153846,0.038462,0.300000,0.410705,0.113618,0.009959,0.409091,0.235294,0.600000,0.516769,0.150300,0.013174,0.495456,0.314106,0.784371
selected,18,20263539,500,0.641490,0.032825,0.002877,0.641764,0.587014,0.696065,0.629810,0.064990,0.005697,0.634838,0.505701,0.727866,0.687207,0.090838,0.007962,0.688276,0.536522,0.846364,0.840748,0.020216,0.001772,0.837898,0.812442,0.870703,0.723081,0.091728,0.008040,0.722602,0.570768,0.865156,0.100459,0.071022,0.006225,0.090909,0.000000,0.222222,0.458762,0.115401,0.010115,0.461538,0.260870,0.645161,0.520808,0.145813,0.012781,0.503100,0.319116,0.786626
high_evidence,18,20263539,500,0.634356,0.032368,0.002837,0.636373,0.579645,0.685610,0.631437,0.062292,0.005460,0.634791,0.523564,0.727866,0.662669,0.087777,0.007694,0.661212,0.524000,0.806667,0.841035,0.020677,0.001812,0.837802,0.811485,0.873106,0.733064,0.091964,0.008061,0.729161,0.588122,0.876866,0.103142,0.072644,0.006368,0.090909,0.000000,0.250000,0.520915,0.108785,0.009535,0.521739,0.333333,0.702703,0.527912,0.143641,0.012591,0.506572,0.333461,0.793294
low_critique_rate,18,20263539,500,0.635254,0.033031,0.002895,0.635076,0.580905,0.689916,0.629198,0.064344,0.005640,0.633939,0.506642,0.726779,0.687844,0.092576,0.008115,0.689412,0.535294,0.852143,0.840748,0.020216,0.001772,0.837898,0.812442,0.870703,0.705254,0.090851,0.007963,0.704282,0.550853,0.849161,0.100370,0.070926,0.006217,0.090909,0.000000,0.222222,0.456472,0.117519,0.010301,0.458333,0.250000,0.647059,0.525009,0.145793,0.012779,0.508517,0.323188,0.789664
high_critique_rate,18,20263539,500,0.644308,0.032442,0.002844,0.645412,0.589224,0.698595,0.629952,0.064207,0.005628,0.634791,0.514725,0.726965,0.687273,0.090602,0.007942,0.688276,0.536522,0.846364,0.840748,0.020216,0.001772,0.837898,0.812442,0.870703,0.730683,0.093639,0.008208,0.732086,0.573952,0.877515,0.100096,0.069305,0.006075,0.090909,0.000000,0.217391,0.458442,0.114124,0.010003,0.464286,0.260870,0.640000,0.520262,0.146462,0.012838,0.503100,0.320135,0.790035
strict_gate,18,20263539,500,0.648051,0.032951,0.002888,0.647581,0.591020,0.702945,0.629810,0.064990,0.005697,0.634838,0.505701,0.727866,0.687207,0.090838,0.007962,0.688276,0.536522,0.846364,0.873338,0.008595,0.000753,0.873337,0.859753,0.887825,0.723081,0.091728,0.008040,0.722602,0.570768,0.865156,0.100459,0.071022,0.006225,0.090909,0.000000,0.222222,0.458762,0.115401,0.010115,0.461538,0.260870,0.645161,0.520376,0.145831,0.012783,0.501785,0.317940,0.786626
low_evidence,19,20263576,500,0.650250,0.033726,0.002956,0.649896,0.594001,0.703520,0.630411,0.063525,0.005568,0.634291,0.518543,0.727880,0.713195,0.088754,0.007780,0.709655,0.573636,0.851765,0.841038,0.020502,0.001797,0.837351,0.811080,0.871997,0.715793,0.090747,0.007954,0.710805,0.566984,0.860674,0.159248,0.084597,0.007415,0.153846,0.038462,0.296296,0.402943,0.114352,0.010023,0.400000,0.222222,0.600000,0.512874,0.147909,0.012965,0.491550,0.313198,0.780143
selected,19,20263576,500,0.642855,0.033535,0.002939,0.640494,0.587175,0.700064,0.630028,0.065353,0.005728,0.634791,0.514725,0.727880,0.691385,0.085993,0.007538,0.691429,0.557647,0.835385,0.841210,0.020610,0.001807,0.837563,0.810629,0.872060,0.723344,0.093412,0.008188,0.728288,0.568260,0.868060,0.101787,0.066676,0.005844,0.096774,0.000000,0.217391,0.456657,0.113107,0.009914,0.454545,0.266667,0.625000,0.524249,0.143548,0.012583,0.506474,0.324309,0.788223
high_evidence,19,20263576,500,0.634364,0.033974,0.002978,0.635159,0.578117,0.689231,0.628864,0.065130,0.005709,0.632383,0.515394,0.729808,0.667686,0.083920,0.007356,0.665000,0.527692,0.804444,0.840553,0.020379,0.001786,0.837295,0.810952,0.870979,0.732600,0.092830,0.008137,0.738630,0.585107,0.877712,0.103965,0.072169,0.006326,0.090909,0.000000,0.235294,0.515768,0.111305,0.009756,0.515152,0.333333,0.692308,0.543623,0.149944,0.013143,0.524236,0.336402,0.808356
low_critique_rate,19,20263576,500,0.636775,0.034345,0.003010,0.635308,0.582854,0.694300,0.628811,0.066625,0.005840,0.634539,0.511659,0.727880,0.693118,0.085732,0.007515,0.693333,0.557647,0.835385,0.841210,0.020610,0.001807,0.837563,0.810629,0.872060,0.706355,0.090956,0.007973,0.706782,0.560384,0.846746,0.103018,0.067065,0.005878,0.100000,0.000000,0.218750,0.454132,0.113530,0.009951,0.454545,0.260870,0.621622,0.529038,0.145278,0.012734,0.512100,0.327556,0.790437
high_critique_rate,19,20263576,500,0.645464,0.033251,0.002915,0.644160,0.594414,0.700545,0.629677,0.065361,0.005729,0.634539,0.514725,0.727880,0.692145,0.085793,0.007520,0.693333,0.557647,0.835385,0.841210,0.020610,0.001807,0.837563,0.810629,0.872060,0.730627,0.094153,0.008253,0.736412,0.579663,0.874754,0.101489,0.066865,0.005861,0.096774,0.000000,0.217391,0.455886,0.113076,0.009912,0.454545,0.260870,0.625000,0.522761,0.144772,0.012690,0.502954,0.323467,0.790437
strict_gate,19,20263576,500,0.649406,0.033634,0.002948,0.648494,0.594722,0.707293,0.630028,0.065353,0.005728,0.634791,0.514725,0.727880,0.691385,0.085993,0.007538,0.691429,0.557647,0.835385,0.873800,0.009088,0.000797,0.874154,0.858529,0.888238,0.723344,0.093412,0.008188,0.728288,0.568260,0.868060,0.101787,0.066676,0.005844,0.096774,0.000000,0.217391,0.456657,0.113107,0.009914,0.454545,0.266667,0.625000,0.523913,0.143552,0.012583,0.506058,0.324309,0.788223
low_evidence,20,20263613,500,0.649935,0.035089,0.003076,0.649781,0.591187,0.707830,0.630739,0.064889,0.005688,0.634291,0.515492,0.729808,0.712663,0.094175,0.008255,0.715882,0.551613,0.857273,0.840714,0.020845,0.001827,0.836226,0.809800,0.872580,0.714567,0.093049,0.008156,0.711744,0.564373,0.854739,0.160716,0.082585,0.007239,0.150000,0.034483,0.300000,0.402555,0.116918,0.010248,0.406250,0.212121,0.588235,0.508270,0.146936,0.012880,0.484630,0.309346,0.792063
selected,20,20263613,500,0.640604,0.034093,0.002988,0.640383,0.586489,0.696603,0.628826,0.064941,0.005692,0.632758,0.513894,0.727880,0.686427,0.088187,0.007730,0.684828,0.539091,0.821667,0.840755,0.020495,0.001796,0.836245,0.811295,0.872619,0.722744,0.092881,0.008141,0.721835,0.575436,0.868100,0.104439,0.071776,0.006291,0.095238,0.000000,0.230769,0.460816,0.113623,0.009960,0.454545,0.281250,0.652174,0.526197,0.148937,0.013055,0.505876,0.322234,0.792247
high_evidence,20,20263613,500,0.633678,0.031981,0.002803,0.633045,0.582640,0.684444,0.629311,0.063234,0.005543,0.633480,0.523854,0.727866,0.664367,0.087522,0.007672,0.664000,0.518400,0.805455,0.840900,0.020517,0.001798,0.836277,0.810847,0.871368,0.731892,0.092627,0.008119,0.728899,0.582349,0.877958,0.102211,0.067223,0.005892,0.093750,0.000000,0.222222,0.516986,0.113202,0.009923,0.520000,0.333333,0.696970,0.528625,0.146277,0.012822,0.508602,0.328005,0.795256
low_critique_rate,20,20263613,500,0.634506,0.034739,0.003045,0.635781,0.580961,0.690806,0.628652,0.064908,0.005689,0.632677,0.514725,0.729808,0.686766,0.088715,0.007776,0.686000,0.539091,0.821667,0.840755,0.020495,0.001796,0.836245,0.811295,0.872619,0.705413,0.090630,0.007944,0.702184,0.560912,0.848638,0.103582,0.071401,0.006259,0.095238,0.000000,0.230769,0.459902,0.113907,0.009984,0.454545,0.277778,0.652174,0.528792,0.148786,0.013042,0.506448,0.327124,0.794446
high_critique_rate,20,20263613,500,0.643414,0.034033,0.002983,0.644466,0.588805,0.698556,0.629754,0.064266,0.005633,0.632770,0.518543,0.729808,0.684550,0.087878,0.007703,0.683478,0.539091,0.821667,0.840755,0.020495,0.001796,0.836245,0.811295,0.872619,0.730914,0.093525,0.008198,0.729168,0.579904,0.876117,0.103316,0.071042,0.006227,0.095238,0.000000,0.230769,0.462365,0.113484,0.009947,0.458333,0.285714,0.652174,0.523410,0.146499,0.012841,0.504781,0.321745,0.786446
strict_gate,20,20263613,500,0.647173,0.034124,0.002991,0.648252,0.592873,0.701977,0.628826,0.064941,0.005692,0.632758,0.513894,0.727880,0.686427,0.088187,0.007730,0.684828,0.539091,0.821667,0.873345,0.009099,0.000798,0.872880,0.858782,0.889531,0.722744,0.092881,0.008141,0.721835,0.575436,0.868100,0.104439,0.071776,0.006291,0.095238,0.000000,0.230769,0.460816,0.113623,0.009960,0.454545,0.281250,0.652174,0.525685,0.148957,0.013057,0.505876,0.322234,0.789037
